Track name,Artist name,Album,Playlist name,Type,ISRC
"Ascend The Hill - How Great Thou Art","","","Worship","Playlist",""
"Ascend The Hill - I Surrender All","","","Worship","Playlist",""
"Matt Bayless - Be Still","","","Worship","Playlist",""
"Matt Bayless - Come Down","","","Worship","Playlist",""
"Enter the Worship Circle · Aaron Strumpel · Robin Pasley · Tim and Laurie Thornton - Too Proud (Psalm 81) (Remastered)","","","Worship","Playlist",""
"Phil Wickham · Peter Kipley - Desire (Live)","","","Worship","Playlist",""
"Rend Collective - The Cost","","","Worship","Playlist",""
"Gungor - Beautiful Things","","","Worship","Playlist",""
"Forerunner Music · Will Reagan · United Pursuit Band - Break Every Chain","","","Worship","Playlist",""
"Mac Powell · Steven Curtis Chapman · Brian Littrell · Mark Hall - By His Wounds","","","Worship","Playlist",""
"Britt Nicole - Have Your Way","","","Worship","Playlist",""
"Cory Asbury - Where I Belong","","","Worship","Playlist",""
"Cody Davenport - Set a Fire","","","Worship","Playlist",""
"Gungor - Dry Bones","","","Worship","Playlist",""
"MUTEMATH - You Are Mine","","","Worship","Playlist",""
"Ascend The Hill - Hallelujah! What a Savior","","","Worship","Playlist",""
"Generation Unleashed - Be Lifted High (Live)","","","Worship","Playlist",""
"Hillsong Worship · Joel Houston - Our God Is Love (Live)","","","Worship","Playlist",""
"Hillsong Worship - In Your Freedom (Live)","","","Worship","Playlist",""
"Israel Houghton - Everywhere That I Go","","","Worship","Playlist",""
"Elevation Worship - Give Me Faith","","","Worship","Playlist",""
"Israel Houghton & New Breed - Jesus At The Center [Live]","","","Worship","Playlist",""
"Ricardo Sanchez - Moving Forward","","","Worship","Playlist",""
"William Matthews - Deep Cries Out","","","Worship","Playlist",""
"Israel & New Breed · Jeremiah Woods - Rez Power (Live)","","","Worship","Playlist",""
"Planetshakers · Israel Houghton - Nothing Is Impossible","","","Worship","Playlist",""
"Israel Houghton - Moving Forward","","","Worship","Playlist",""
"Israel & New Breed - We Have Overcome (Live)","","","Worship","Playlist",""
"Sarah Emerson - What Joy (Psalm 146)","","","Worship","Playlist",""
"Israel Houghton - I Know Who I Am (Live)","","","Worship","Playlist",""
"Hillsong Worship · Jad Gillies - Forever Reign (Live)","","","Worship","Playlist",""
"Planetshakers - The Anthem (Full Song)","","","Worship","Playlist",""
"Worship Central · Ben Cantelon - Saviour of the World (Live)","","","Worship","Playlist",""
"Free Chapel - Echo (Live)","","","Worship","Playlist",""
"Brian Johnson - Love Came Down (Live)","","","Worship","Playlist",""
"Free Chapel - I Call Your Name (Live)","","","Worship","Playlist",""
"Hillsong Chapel · Jad Gillies - The Lost Are Found","","","Worship","Playlist",""
"Hillsong UNITED · Matt Crocker - Heartbeats","","","Worship","Playlist",""
"Hillsong UNITED · Matt Crocker - Scandal of Grace","","","Worship","Playlist",""
"Hillsong UNITED - A Million Suns","","","Worship","Playlist",""
"Free Chapel - I'm Not Ashamed (Live)","","","Worship","Playlist",""
"Free Chapel - I Am Forgiven (Live)","","","Worship","Playlist",""
"Hillsong Worship - You Deserve (Live)","","","Worship","Playlist",""
"Hillsong UNITED - With Everything (Live)","","","Worship","Playlist",""
"Matt Redman - 10,000 Reasons (Bless The Lord) (Live)","","","Worship","Playlist",""
"Passion · Kristian Stanfill - Always (Live)","","","Worship","Playlist",""
"The Spark - Your Love Is Strong (Live)","","","Worship","Playlist",""
"Cory Asbury · William Matthews · Cory Asbury · Dwayne Roberts · Josh Motlong - So Good to Me","","","Worship","Playlist",""
"The Michael Gungor Band - Prodigal","","","Worship","Playlist",""
"Fellowship Creative - The Everlasting","","","Worship","Playlist",""
"Ricardo Sanchez - Shout Out","","","Worship","Playlist",""
"Will Reagan - God Alone (Psalm 62)","","","Worship","Playlist",""
"Montell Jordan · Victory World Music - Hungry","","","Worship","Playlist",""
"Montell Jordan · Victory World Music - Usable","","","Worship","Playlist",""
"Free Chapel - For Who You Are (Live)","","","Worship","Playlist",""
"Bethel Music & Jenn Johnson - I've Found A Love (Love Came Down)","","","Worship","Playlist",""
"United Pursuit · Brock Human - Come Away (feat. Brock Human)","","","Worship","Playlist",""
"New Life Worship · Integrity's Hosanna! Music - This I Know (Live)","","","Worship","Playlist",""
"Jeremy Riddle - Rain Down (Live)","","","Worship","Playlist",""
"Hillsong UNITED - Search My Heart (Radio Version)","","","Worship","Playlist",""
"Passion · Chris Tomlin · Matt Redman - Set Free (Live)","","","Worship","Playlist",""
"Eddie James - Free to Worship","","","Worship","Playlist",""
"Michael W. Smith - Above All","","","Worship","Playlist",""
"Shaun Groves - After The Music Fades","","","Worship","Playlist",""
"Third Day - Agnus Dei / Worthy (remastered)","","","Worship","Playlist",""
"Christ For The Nations Worship · Klaus · Kari Jobe - Alabaster Jar (Live)","","","Worship","Playlist",""
"Hillsong UNITED - All Day (Live)","","","Worship","Playlist",""
"Hillsong UNITED - All I Need Is You (Live)","","","Worship","Playlist",""
"Lincoln Brewster - All the Earth Will Sing Your Praises","","","Worship","Playlist",""
"Kutless - All Who Are Thirsty","","","Worship","Playlist",""
"Desperation Band - Amazed (Live)","","","Worship","Playlist",""
"Chris Tomlin - Amazing Grace (My Chains Are Gone)","","","Worship","Playlist",""
"Jeremy Camp - Beautiful One","","","Worship","Playlist",""
"Tree63 - Blessed Be Your Name","","","Worship","Playlist",""
"Jeff Deyo · SonicFlood · Unknown - Bless the Lord","","","Worship","Playlist",""
"Fearless BND - Risen From The Grave","","","Worship","Playlist",""
"Jared Anderson - Great I Am","","","Worship","Playlist",""
"Hillsong UNITED - Came to My Rescue (Live)","","","Worship","Playlist",""
"Misty Edwards - All-Consuming Fire","","","Worship","Playlist",""
"Tim Hughes - Consuming Fire (Live)","","","Worship","Playlist",""
"Kutless - Draw Me Close","","","Worship","Playlist",""
"Chris Tomlin - Enough","","","Worship","Playlist",""
"Lincoln Brewster - Everlasting God","","","Worship","Playlist",""
"Hillsong UNITED - Everyday (Live)","","","Worship","Playlist",""
"David Crowder Band - Every Move I Make","","","Worship","Playlist",""
"Lifehouse - Everything","","","Worship","Playlist",""
"Shane Everett - Exalt the Lord","","","Worship","Playlist",""
"Hillsong UNITED - Fire Fall Down (Live)","","","Worship","Playlist",""
"Hillsong Worship - For All You've Done (Live)","","","Worship","Playlist",""
"Chris Tomlin - Forever","","","Worship","Playlist",""
"Hillsong Worship · Joel Houston - The Freedom We Know (Live)","","","Worship","Playlist",""
"Michael Gungor - Friend Of God","","","Worship","Playlist",""
"Hillsong UNITED - From the Inside Out (Live)","","","Worship","Playlist",""
"Kutless - Give Us Clean Hands","","","Worship","Playlist",""
"Christ For The Nations Worship · Klaus - Glory Come Down (Live)","","","Worship","Playlist",""
"Hillsong UNITED - God Is Great (Live)","","","Worship","Playlist",""
"Kutless - God Of Wonders","","","Worship","Playlist",""
"Delirious? - God's Romance","","","Worship","Playlist",""
"Todd Agnew - Grace Like Rain","","","Worship","Playlist",""
"Fee - Happy Day","","","Worship","Playlist",""
"Gaither Vocal Band - He Will Carry You (A Cappella)","","","Worship","Playlist",""
"Kari Jobe - Healer","","","Worship","Playlist",""
"Matt Redman - The Heart Of Worship","","","Worship","Playlist",""
"Jeremy Camp - Here I Am To Worship","","","Worship","Playlist",""
"David Crowder Band - Here Is Our King","","","Worship","Playlist",""
"Chris Tomlin - Holy Is The Lord (Arriving Album Version)","","","Worship","Playlist",""
"Hillsong UNITED · Brooke Ligertwood - Hosanna","","","Worship","Playlist",""
"Paul Baloche - Hosanna","","","Worship","Playlist",""
"Seventh Day Slumber - How Great Is Our God","","","Worship","Playlist",""
"Me In Motion - You Move Me","","","Worship","Playlist",""
"Flyleaf - How He Loves","","","Worship","Playlist",""
"Kutless - Hungry","","","Worship","Playlist",""
"Seventh Day Slumber - I Can Only Imagine","","","Worship","Playlist",""
"Enter The Worship Circle · 100 Portraits · Waterdeep · Don Chaffer · Lori Chaffer - I Could Run Away [Remastered 2017]","","","Worship","Playlist",""
"William McDowell - I Give Myself Away (Live)","","","Worship","Playlist",""
"Chris Tomlin - I Lift My Hands","","","Worship","Playlist",""
"Chris Tomlin - Indescribable","","","Worship","Playlist",""
"Skillet - Rest","","","Worship","Playlist",""
"Newsboys - It Is You","","","Worship","Playlist",""
"Visionary - I Walk By Faith","","","Worship","Playlist",""
"Skillet - Jesus Be Glorified (Live)","","","Worship","Playlist",""
"Jeff Deyo · Unknown - Jesus, I Surrender (Live)","","","Worship","Playlist",""
"Hillsong UNITED - King of Majesty (Live)","","","Worship","Playlist",""
"Hillsong UNITED · Brooke Ligertwood - Lead Me to the Cross","","","Worship","Playlist",""
"Pocket Full Of Rocks - Let It Rain","","","Worship","Playlist",""
"Pocket Full Of Rocks - Song to the King (AC Mix)","","","Worship","Playlist",""
"Pocket Full Of Rocks - The Welcome Song","","","Worship","Playlist",""
"Pocket Full Of Rocks - Let the Worshippers Arise","","","Worship","Playlist",""
"Matt Redman - Lord, Let Your Glory Fall","","","Worship","Playlist",""
"Rita Springer - Worth It All","","","Worship","Playlist",""
"Brian Doerksen - Light The Fire Again","","","Worship","Playlist",""
"Christ For The Nations Worship · Rick Pino - Love Song (Live)","","","Worship","Playlist",""
"Chris Tomlin - Made To Worship","","","Worship","Playlist",""
"one sonic society - Majesty","","","Worship","Playlist",""
"one sonic society - Jesus, Son of God (Live)","","","Worship","Playlist",""
"Michael Gungor - Meet With Me","","","Worship","Playlist",""
"Charlie Hall - Marvelous Light","","","Worship","Playlist",""
"Hillsong UNITED - More than Life (Live)","","","Worship","Playlist",""
"Vineyard Worship - Surrender","","","Worship","Playlist",""
"Hillsong UNITED - My Future Decided","","","Worship","Playlist",""
"Fearless BND - My Glorious","","","Worship","Playlist",""
"Rick Pino · Kari Jobe - My Romance (Live)","","","Worship","Playlist",""
"Aaron Shust - My Savior My God","","","Worship","Playlist",""
"Passion · Chris Tomlin - The Noise We Make (Live)","","","Worship","Playlist",""
"Hillsong UNITED · Brooke Ligertwood - None but Jesus (Live)","","","Worship","Playlist",""
"David Crowder Band - No One Like You","","","Worship","Playlist",""
"Christ For The Nations Worship · Kari Jobe - No Sweeter Name (Live)","","","Worship","Playlist",""
"Shane Barnard · Bob Fitts · Shane Barnard - Oh Lord to You (Live)","","","Worship","Playlist",""
"Brian Johnson · Christa Black Gifford · Jeremy Riddle - One Thing Remains","","","Worship","Playlist",""
"Hillsong UNITED - One Way (Live)","","","Worship","Playlist",""
"David Crowder Band - Only You","","","Worship","Playlist",""
"Passion · Chris Tomlin - Our God (Live)","","","Worship","Playlist",""
"Seventh Day Slumber · Reuben Morgan · Ben Fielding - God Is Able","","","Worship","Playlist",""
"Seventh Day Slumber · Joel Houston - Your Name High","","","Worship","Playlist",""
"Jeremy Camp - You Never Let Go","","","Worship","Playlist",""
"Roy Fields - Rain Down (Live)","","","Worship","Playlist",""
"Desperation Band - Refuse to Be Denied","","","Worship","Playlist",""
"Michael Gungor - Rescue","","","Worship","Playlist",""
"Kari Jobe - Revelation Song","","","Worship","Playlist",""
"Enter The Worship Circle · 100 Portraits · Waterdeep · Robin Pasley · Ben Pasley - Save Me (Psalm 69) (Remastered 2017)","","","Worship","Playlist",""
"Phil Wickham - Shining","","","Worship","Playlist",""
"Tim Hughes · Soul Survivor - See His Love (feat. Tim Hughes) (Live)","","","Worship","Playlist",""
"Hillsong UNITED - Shout Unto God (Live)","","","Worship","Playlist",""
"Hillsong UNITED - Solution","","","Worship","Playlist",""
"Hillsong UNITED - The Stand (Live)","","","Worship","Playlist",""
"Hillsong UNITED - Take It All (Live)","","","Worship","Playlist",""
"Hillsong UNITED - Till I See You (Live)","","","Worship","Playlist",""
"Hillsong UNITED · Reuben Morgan - To the Ends of the Earth (Live)","","","Worship","Playlist",""
"John Connor - We Are Hungry","","","Worship","Playlist",""
"Hillsong UNITED - What The World Will Never Take (Live)","","","Worship","Playlist",""
"Skillet - Who is Like Our God (Live)","","","Worship","Playlist",""
"Justin Johnston - Whom Shall I Fear","","","Worship","Playlist",""
"Jonah33 - Working Man Hands","","","Worship","Playlist",""
"William McDowell - Closer/Wrap Me In Your Arms (Live)","","","Worship","Playlist",""
"Michael Gungor - Wrap Me In Your Arms","","","Worship","Playlist",""
"Michael Gungor - You Are Good","","","Worship","Playlist",""
"Planetshakers - You Are Holy","","","Worship","Playlist",""
"Skillet - You Are My Hope","","","Worship","Playlist",""
"The Almost - Your Love Is Extravagant","","","Worship","Playlist",""
"The Almost - Amazing, Because It Is","","","Worship","Playlist",""
"Christ For The Nations Worship · Keith Hulen - I Love The Lord (Live)","","","Worship","Playlist",""
"Christ For The Nations Worship - Jesus Is Alive (Live)","","","Worship","Playlist",""
"Christ For The Nations Worship · Jonathan Lewis - Glorify Our King (Live)","","","Worship","Playlist",""
"Christ For The Nations Worship · Jessica Freeman - Blessed Is the One (Live)","","","Worship","Playlist",""
"Third Day - Show Me Your Glory","","","Worship","Playlist",""
"Jeremy Camp - You're Worthy Of My Praise","","","Worship","Playlist",""
"Hillsong Worship · Joel Houston - You Are Here (The Same Power)","","","Worship","Playlist",""
"Desperation Band - I'm Coming Your Way","","","Worship","Playlist",""
"Casting Crowns - Your Love Is Extravagant","","","Worship","Playlist",""
"East Coast Christian Center - He Is Faithful (Live)","","","Worship","Playlist",""
"Jeremy Riddle - One Thirst and Hunger","","","Worship","Playlist",""
"Passion · Kristian Stanfill - Jesus Paid It All","","","Worship","Playlist",""
"Passion · Chris Tomlin · Christy Nockels - Where The Spirit Of The Lord Is (Live)","","","Worship","Playlist",""
"Elevation Worship - All Things New","","","Worship","Playlist",""
"All Sons & Daughters - All the Poor and Powerless","","","Worship","Playlist",""
"All Sons & Daughters - Oh How I Need You","","","Worship","Playlist",""
"All Sons & Daughters - Brokenness Aside","","","Worship","Playlist",""
"All Sons & Daughters - Called Me Higher","","","Worship","Playlist",""
"Jason Morant - Bless The Lord","","","Worship","Playlist",""
"Fearless BND - Risen From The Grave","","","Worship","Playlist",""
"Fee - We Crown You","","","Worship","Playlist",""
"Awaken Worship - Overwhelmed (Live)","","","Worship","Playlist",""
"BJ Putnam - Glorious (Live)","","","Worship","Playlist",""
"Israel & New Breed - Again I Say Rejoice","","","Worship","Playlist",""
"Oceans Above - Rain Down","","","Worship","Playlist",""
"Citizens · Chris Tomlin · Louie Giglio · Zach Bolen - Amazing Grace","","","Worship","Playlist",""
"Hillsong Worship · Matt Crocker - I Surrender (Live)","","","Worship","Playlist",""
"Freddy Rodriguez · Integrity's Hosanna! Music - I Will Run (Live)","","","Worship","Playlist",""
"Freddy Rodriguez · Integrity's Hosanna! Music - No Other Name (Live)","","","Worship","Playlist",""
"Citizens · Brian Eichelberger · Zach Bolen - Made Alive","","","Worship","Playlist",""
"Israel & New Breed - To Worship You I Live","","","Worship","Playlist",""
"Jared Anderson - Hear Us from Heaven","","","Worship","Playlist",""
"Bethel Music · Steffany Frizzell Gretzinger - Closer","","","Worship","Playlist",""
"Bethel Music · Jeremy Riddle · Seffany Frizzell Gretzinger - One Thirst","","","Worship","Playlist",""
"Israel & New Breed - Say So (Live)","","","Worship","Playlist",""
"United Pursuit · Will Reagan - Fill Me Up (feat. Will Reagan)","","","Worship","Playlist",""
"Bethel Music & Brian Johnson - My Soul Sings","","","Worship","Playlist",""
"Rush Worship - You Won't Relent/All Consuming Fire","","","Worship","Playlist",""
"Misty Edwards - Baptize My Heart (Live)","","","Worship","Playlist",""
"Misty Edwards - Pour My Love on You (Live)","","","Worship","Playlist",""
"United Pursuit · Brock Human - Let Me In (feat. Brock Human)","","","Worship","Playlist",""
"Forerunner Music · Cory Asbury - Holy Ghost Party (Live)","","","Worship","Playlist",""
"Darlene Zschech - Victor's Crown (Live)","","","Worship","Playlist",""
"BJ Putnam - Sing A New Song (Live)","","","Worship","Playlist",""
"Worship Central · Luke Hellebronth - Spirit Break Out (Live)","","","Worship","Playlist",""
"Fee - All Because of Jesus","","","Worship","Playlist",""
"Bethel Music & William Matthews - Freedom","","","Worship","Playlist",""
"Fearless BND - Higher","","","Worship","Playlist",""
"Hillsong Worship · David Ware - Cornerstone (Live)","","","Worship","Playlist",""
"Elevation Worship - Give My Life To You","","","Worship","Playlist",""
"New Life Worship · Integrity's Hosanna! Music - God Be Praised / Our God Reigns (Medley) (Live)","","","Worship","Playlist",""
"Hillsong Worship - Always Will (Live)","","","Worship","Playlist",""
"Hillsong Worship - Christ Is Enough (Live)","","","Worship","Playlist",""
"Hillsong Worship - Where The Spirit of the Lord Is (Live)","","","Worship","Playlist",""
"Hillsong Worship - Closer (Live)","","","Worship","Playlist",""
"Matt Redman - We Are the Free","","","Worship","Playlist",""
"BJ Putnam - More And More (Live)","","","Worship","Playlist",""
"BJ Putnam - Here For You (Live)","","","Worship","Playlist",""
"Hillsong Worship · Brooke Ligertwood - I Will Exalt You (Live)","","","Worship","Playlist",""
"Israel & New Breed · Onaje Jefferson - More And More (Live)","","","Worship","Playlist",""
"Jonathan David & Melissa Helser - You're Never Giving Up","","","Worship","Playlist",""
"The Royal Royal - How Wonderful","","","Worship","Playlist",""
"Rick Pino - We Prepare The Way (Live)","","","Worship","Playlist",""
"Planetshakers - Open Up The Gates","","","Worship","Playlist",""
"Matt Gilman - Holy","","","Worship","Playlist",""
"Justin Rizzo - Found Faithful","","","Worship","Playlist",""
"Luke Wood · Onething Live - Set Your Seal Upon My Heart (Live)","","","Worship","Playlist",""
"Cory Asbury - Never Gonna Leave Me Dry (Live)","","","Worship","Playlist",""
"Jeremy Riddle - Acquitted","","","Worship","Playlist",""
"Chris Tomlin - Whom Shall I Fear (God Of Angel Armies)","","","Worship","Playlist",""
"Chris Tomlin - Exalted (Yahweh)","","","Worship","Playlist",""
"Covenant Worship, David & Nicole Binion - Never Going Back","","","Worship","Playlist",""
"Covenant Worship, David & Nicole Binion - Nobody Like You","","","Worship","Playlist",""
"Andrew Ehrenzeller - Which Way","","","Worship","Playlist",""
"Danielle Munizzi - Your Love Oh God","","","Worship","Playlist",""
"Soul Survivor - You're Beautiful","","","Worship","Playlist",""
"Jeff Deyo · Anadara - The Bread Has Been Broken","","","Worship","Playlist",""
"Umobile Worship - Holy (Wedding Song) (Live)","","","Worship","Playlist",""
"Bethel Music · William Matthews - Hope's Anthem","","","Worship","Playlist",""
"Israel & New Breed · Onaje Jefferson - More And More (Live)","","","Worship","Playlist",""
"Israel Houghton - Hosanna (Be Lifted Higher)","","","Worship","Playlist",""
"Bethel Music & Jeremy Riddle - Furious","","","Worship","Playlist",""
"Vertical Worship · Meredith Andrews - God You Are My God (feat. Meredith Andrews) (Live)","","","Worship","Playlist",""
"Vertical Worship · Andi Rozier - Word of God (feat. Andi Rozier) (Live)","","","Worship","Playlist",""
"Vertical Worship · Heather Headley - All Glory (feat. Heather Headley) (Live)","","","Worship","Playlist",""
"Worship Central · Ben Cantelon - Hallelujah (Live)","","","Worship","Playlist",""
"Planetshakers - The Anthem (Full Song)","","","Worship","Playlist",""
"Elevation Worship - For The Honor","","","Worship","Playlist",""
"United Pursuit · Will Reagan - Running In Circles (feat. Will Reagan)","","","Worship","Playlist",""
"Will Reagan - My Delight","","","Worship","Playlist",""
"Gateway Worship · Kari Jobe - O, the Blood (feat. Kari Jobe) (Live)","","","Worship","Playlist",""
"Gateway Worship - Stay Amazed [Live]","","","Worship","Playlist",""
"Brad & Rebekah - Praise to the One","","","Worship","Playlist",""
"Jonathan David Helser · Melissa Helser - Empty My Soul","","","Worship","Playlist",""
"Jonathan David & Melissa Helser - On the Shores (Extended Version)","","","Worship","Playlist",""
"Jonathan David & Melissa Helser - Wrecking Ball (Extended Version)","","","Worship","Playlist",""
"Jonathan David & Melissa Helser - Just One (Extended Version)","","","Worship","Playlist",""
"The Classic City Collective - No Greater Love","","","Worship","Playlist",""
"All Sons & Daughters · David Leonard - Great Are You Lord (Live)","","","Worship","Playlist",""
"Antioch Music - The One We Want","","","Worship","Playlist",""
"Sojourn - All I Have Is Yours","","","Worship","Playlist",""
"Sagu Worship - In All the Earth (Reprise)","","","Worship","Playlist",""
"Sovereign Grace Music - Alive","","","Worship","Playlist",""
"Misty Edwards - All I Know (Live)","","","Worship","Playlist",""
"Misty Edwards - Dove's Eyes","","","Worship","Playlist",""
"Elevation Worship - Lift Us Out","","","Worship","Playlist",""
"Desperation Band - All to Him","","","Worship","Playlist",""
"Skull Church - All My Heart","","","Worship","Playlist",""
"Gateway Worship - How to Worship a King [Live]","","","Worship","Playlist",""
"Elevation Worship - Open Up Our Eyes (Live)","","","Worship","Playlist",""
"Gateway Worship · Thomas Miller · Kari Jobe - Running","","","Worship","Playlist",""
"Vicky Beeching - Glory to God Forever","","","Worship","Playlist",""
"Desperation Band - Light Up the World","","","Worship","Playlist",""
"Gateway Worship · Ryan Edgar · Meg Everheart - You're Worth It All","","","Worship","Playlist",""
"Gateway Worship - I Hear the Lord Passing By","","","Worship","Playlist",""
"Desperation Band - Magnified","","","Worship","Playlist",""
"Gateway Worship · Kari Jobe - You Are for Me (feat. Kari Jobe) (Live)","","","Worship","Playlist",""
"Elevation Worship - I Have Decided (Live)","","","Worship","Playlist",""
"The Harvest · Tracy Minor - Lover of Your Presence (Live)","","","Worship","Playlist",""
"Hillsong Worship - Man of Sorrows (Live)","","","Worship","Playlist",""
"Cultivation Generation · Jesse Meyer · Stephen Lampert · The Neverclaim · Vineyard Worship - Nothing Else","","","Worship","Playlist",""
"Fike - Chosen","","","Worship","Playlist",""
"Zac Hicks + Cherry Creek Worship - Firm and Unmoved Are They (Psalm 125) (feat. Hollis Moore)","","","Worship","Playlist",""
"Marie Barnett - Oh Lovely One","","","Worship","Playlist",""
"Free Chapel · Israel Houghton · Rory Comtois - At the Cross (Live)","","","Worship","Playlist",""
"Kristian Stanfill - Lord Almighty","","","Worship","Playlist",""
"Misty Edwards - Arms Wide Open (Live)","","","Worship","Playlist",""
"Elevation Worship - Let Go (Live)","","","Worship","Playlist",""
"Hillsong UNITED - Go","","","Worship","Playlist",""
"Hillsong UNITED - Go (Live)","","","Worship","Playlist",""
"Foursquare United Generation - Holy","","","Worship","Playlist",""
"Elevation Worship - Our King Has Come (Live)","","","Worship","Playlist",""
"Gateway Worship · Kirsten Takape - My Everything","","","Worship","Playlist",""
"Citizens · Zach Bolen - Nothing but the Blood","","","Worship","Playlist",""
"Kari Jobe - Forever (Live)","","","Worship","Playlist",""
"Marathon Church - God Be Praised (Live)","","","Worship","Playlist",""
"Gateway Worship · Kari Jobe - O, the Blood (feat. Kari Jobe) (Live)","","","Worship","Playlist",""
"Passion · Charlie Hall - All The Earth (Live)","","","Worship","Playlist",""
"Jesus Culture Band/Chris Quilala - Dance With Me","","","Worship","Playlist",""
"Jesus Culture · Kim Walker-Smith - Holy (Live)","","","Worship","Playlist",""
"Fearless BND - Power Of Your Love","","","Worship","Playlist",""
"Bethel Music & Brian Johnson - You Have Won Me","","","Worship","Playlist",""
"New Life Worship - My Savior Lives","","","Worship","Playlist",""
"Forerunner Music · Jaye Thomas · Cory Asbury - Shekinah (Live)","","","Worship","Playlist",""
"Bethel Music & Jenn Johnson - Come to Me","","","Worship","Playlist",""
"Bethel Music & Steffany Frizzell Gretzinger - You Know Me","","","Worship","Playlist",""
"Bethel Music & Jeremy Riddle - Fall Afresh","","","Worship","Playlist",""
"Bethel Music · Matt Stinton - This Is What You Do","","","Worship","Playlist",""
"Frontline Worship - I Call You Jesus","","","Worship","Playlist",""
"Israel & New Breed - I Call You Jesus (Live)","","","Worship","Playlist",""
"Bethel Music & Amanda Cook - You Make Me Brave (Live)","","","Worship","Playlist",""
"Jonny Lang - That Great Day","","","Worship","Playlist",""
"Darlene Zschech - In Jesus' Name (Live)","","","Worship","Playlist",""
"Hillsong Young & Free · Aodhán King - Sinking Deep (Live)","","","Worship","Playlist",""
"Hillsong Worship · Hannah Hobbs - Thank You Jesus","","","Worship","Playlist",""
"Marathon Church - Your Great Name (Live)","","","Worship","Playlist",""
"Marathon Church - The Voice (Live)","","","Worship","Playlist",""
"Hillsong Worship · Matt Crocker - I Surrender (Live)","","","Worship","Playlist",""
"Eddie James - Freedom","","","Worship","Playlist",""
"Eddie James - I'm Addicted","","","Worship","Playlist",""
"New Life Worship · Integrity's Hosanna! Music · Desperation Band · Ross Parsley - Yahweh (Live)","","","Worship","Playlist",""
"Kari Jobe - Only Your Love (Live)","","","Worship","Playlist",""
"Chris Tomlin - Jesus Loves Me","","","Worship","Playlist",""
"Martin Smith · Sarah Bird - Waiting Here For You (feat. Sarah Bird)","","","Worship","Playlist",""
"Chris Tomlin - I Will Rise","","","Worship","Playlist",""
"Aaron Keyes - Dwell","","","Worship","Playlist",""
"Vertical Worship - He Has Won","","","Worship","Playlist",""
"Chris Tomlin - Almighty","","","Worship","Playlist",""
"Hillsong Young & Free · Aodhán King - In Sync (Live)","","","Worship","Playlist",""
"Rend Collective - Alabaster","","","Worship","Playlist",""
"Jesus Pursuit Church - I Am (feat. Angela Pinkston)","","","Worship","Playlist",""
"Hillsong UNITED - Oceans (Where Feet May Fail) (Radio Version)","","","Worship","Playlist",""
"Big Daddy Weave - Overwhelmed","","","Worship","Playlist",""
"Michael W. Smith - Rise","","","Worship","Playlist",""
"Elevation Worship - We Rejoice","","","Worship","Playlist",""
"Starfield - Filled With Your Glory","","","Worship","Playlist",""
"Maranatha! Praise Band - Jesus Messiah","","","Worship","Playlist",""
"Hillsong Young & Free · Melodie Wagner - The Stand","","","Worship","Playlist",""
"Michaela McLaird - Gave It All","","","Worship","Playlist",""
"Elevation Worship - Only King Forever","","","Worship","Playlist",""
"William McDowell · Danny Gokey - Sovereign God","","","Worship","Playlist",""
"Integrity's Hosanna! Music · Covenant Worship · Nicole Binion · Israel Houghton - Risen (Live)","","","Worship","Playlist",""
"Bethel Music & Amanda Cook - Shepherd (Live)","","","Worship","Playlist",""
"Elevation Worship - Jesus I Come","","","Worship","Playlist",""
"Elevation Worship - Greater","","","Worship","Playlist",""
"Heaven and Earth - Hillsong Worship","","","Worship","Playlist",""
"Elevation Worship - Ever Glorious","","","Worship","Playlist",""
"Elevation Worship - Unstoppable God","","","Worship","Playlist",""
"Elevation Worship - The King Is Among Us","","","Worship","Playlist",""
"Housefires - Rise","","","Worship","Playlist",""
"Housefires - Heaven Is All Around Us","","","Worship","Playlist",""
"Housefires - Never Run Dry","","","Worship","Playlist",""
"Housefires - Great Is the Lord","","","Worship","Playlist",""
"Housefires - One Thing","","","Worship","Playlist",""
"Housefires - Joy","","","Worship","Playlist",""
"Housefires - Come to the River","","","Worship","Playlist",""
"Housefires - Let the Peace","","","Worship","Playlist",""
"Jaye Thomas · The Cry - We Love Your Name (Live) (feat. the Cry)","","","Worship","Playlist",""
"Jesus Culture · Kim Walker-Smith - Rooftops (Live)","","","Worship","Playlist",""
"Jesus Culture · Kim Walker-Smith - You Are My Passion (Live)","","","Worship","Playlist",""
"Scott Blackwell - Hallelujah","","","Worship","Playlist",""
"Hillsong Young & Free · Alexander Pappas · Melodie Wagner - This Is Living (Acoustic)","","","Worship","Playlist",""
"LZ7 - Irreversible","","","Worship","Playlist",""
"Press Play - Top Of The World","","","Worship","Playlist",""
"Citipointe Worship - Making Your Praise Public (Live)","","","Worship","Playlist",""
"Citipointe Worship - Commission My Soul (Live)","","","Worship","Playlist",""
"Trevor Walker - Awaken","","","Worship","Playlist",""
"North Point Worship · Todd Fields · Candi Pearson Shelton - Almighty God (Live)","","","Worship","Playlist",""
"Nick Thurmond - Speechless","","","Worship","Playlist",""
"North Point Worship · Casey Darnell - When The Waters Rise (Live)","","","Worship","Playlist",""
"Tim Hughes - When the Tears Fall","","","Worship","Playlist",""
"Kari Jobe - Always Enough (Live)","","","Worship","Playlist",""
"Hillsong Worship - This I Believe (The Creed)","","","Worship","Playlist",""
"Lauren Daigle - How Can It Be","","","Worship","Playlist",""
"Jenn Johnson, Brian Johnson & Bethel Music - For The Cross","","","Worship","Playlist",""
"Bethel Music & Jeremy Riddle - Breaking Through","","","Worship","Playlist",""
"Generation Unleashed - Saving Power (Live)","","","Worship","Playlist",""
"Destination Worship - Here I Am","","","Worship","Playlist",""
"Jason Upton - In Your Presence (Live)","","","Worship","Playlist",""
"Bethel Music & Steffany Frizzell Gretzinger - We Dance (Live)","","","Worship","Playlist",""
"Liberty Campus Band - Only Boast","","","Worship","Playlist",""
"Brian Houston - Sing Sing Sing Sing","","","Worship","Playlist",""
"The Museum - Allelujah","","","Worship","Playlist",""
"Bellarive - Calling On Fire","","","Worship","Playlist",""
"Bellarive - I Belong To You","","","Worship","Playlist",""
"Bellarive - Bring Us Back","","","Worship","Playlist",""
"Bellarive - Chains","","","Worship","Playlist",""
"Chris McClarney - Holy Moment (Live)","","","Worship","Playlist",""
"Chris McClarney - All Consuming Fire (Live)","","","Worship","Playlist",""
"Chris McClarney - God Of Miracles (Live)","","","Worship","Playlist",""
"Bryan & Katie Torwalt - He Is Faithful","","","Worship","Playlist",""
"New Hope Oahu - Grace Like Rain","","","Worship","Playlist",""
"Eddie James · Jayna Cullens · Micayla Burnes - Fire","","","Worship","Playlist",""
"Crowder - Lift Your Head Weary Sinner (Chains)","","","Worship","Playlist",""
"Shane & Shane - Yearn","","","Worship","Playlist",""
"All Sons & Daughters · Leslie Jordan · David Leonard - Rising Sun (Live)","","","Worship","Playlist",""
"Elevation Worship - For the Lamb","","","Worship","Playlist",""
"Highlands Worship - Place of Freedom","","","Worship","Playlist",""
"Aaron Gillespie · Cody Jay Carnes · Anita Jillian Edwards - All He Says I Am","","","Worship","Playlist",""
"Chris Tomlin - Good Good Father","","","Worship","Playlist",""
"Fearless BND - Never Look Back","","","Worship","Playlist",""
"Israel & New Breed - In Jesus Name","","","Worship","Playlist",""
"Israel & New Breed · BJ Putnam - Our God Reigns","","","Worship","Playlist",""
"Israel & New Breed - One Thing Remains (Deluxe)","","","Worship","Playlist",""
"Fred Hammond - Lord of The Harvest","","","Worship","Playlist",""
"Bethel Music & Jonathan David & Melissa Helser - No Longer Slaves","","","Worship","Playlist",""
"Hillsong UNITED · TAYA - Touch The Sky","","","Worship","Playlist",""
"The Digital Age - Break Every Chain","","","Worship","Playlist",""
"Fresh Life Worship - Oxygen","","","Worship","Playlist",""
"Fresh Life Worship - Come Alive","","","Worship","Playlist",""
"Bryan & Katie Torwalt - When You Walk Into The Room","","","Worship","Playlist",""
"Hillsong UNITED · David Ware - Rhythms of Grace","","","Worship","Playlist",""
"Seventh Day Slumber · Reuben Morgan · Ben Fielding - Stronger","","","Worship","Playlist",""
"Bethel Music & Steffany Gretzinger - Be Still","","","Worship","Playlist",""
"Destination Worship - Chaos (This Is Our God)","","","Worship","Playlist",""
"Seventh Day Slumber · Joseph Patrick Martin Barrett · Aaron Keyes · James Matthew Redman · Phillips Benjamin Smith - I Am Not the Same","","","Worship","Playlist",""
"Kari Jobe - Hands To The Heavens (Live)","","","Worship","Playlist",""
"Bethel Music & Brian Johnson - We Will Not Be Shaken","","","Worship","Playlist",""
"Lincoln Brewster - There Is Power","","","Worship","Playlist",""
"Casting Crowns - Just Be Held","","","Worship","Playlist",""
"Jeremy Riddle - Sweetly Broken","","","Worship","Playlist",""
"Hillsong UNITED · Joel Houston · Matt Crocker - Street Called Mercy","","","Worship","Playlist",""
"Chris McClarney - Everything And Nothing Less (Live)","","","Worship","Playlist",""
"Brian Johnson - We Cry Out","","","Worship","Playlist",""
"LIFE Worship - We Believe (Live)","","","Worship","Playlist",""
"Lou Fellingham - Wholly Yours","","","Worship","Playlist",""
"Rend Collective - Boldly I Approach (The Art of Celebration)","","","Worship","Playlist",""
"Jesus Culture · Melissa How - Holding Nothing Back (Live)","","","Worship","Playlist",""
"Jesus Culture · Chris Quilala - No Other Like You (We Will Exalt You) (Live)","","","Worship","Playlist",""
"Kutless · Nicholas DePartee · Dave Lubben - In the City","","","Worship","Playlist",""
"BridgeCity - Create In Me","","","Worship","Playlist",""
"BridgeCity - Light A Fire","","","Worship","Playlist",""
"BridgeCity - How We Need You Father","","","Worship","Playlist",""
"Ethos Church - Nothing I Hold onto (feat. Will Shinnick)","","","Worship","Playlist",""
"Jesus Culture · Chris Quilala - Fierce (Live)","","","Worship","Playlist",""
"Jesus Culture · Chris Quilala - Let It Echo (Heaven Fall) (Live)","","","Worship","Playlist",""
"Jesus Culture · Bryan Torwalt - God With Us (Live)","","","Worship","Playlist",""
"Jesus Culture · Chris McClarney - Everything And Nothing Less (Live)","","","Worship","Playlist",""
"Kari Jobe - Let The Heavens Open (Live)","","","Worship","Playlist",""
"Hillsong Worship - Love On The Line","","","Worship","Playlist",""
"Hillsong UNITED · Jad Gillies - Heart Like Heaven","","","Worship","Playlist",""
"Planetshakers - Now And Forever","","","Worship","Playlist",""
"Hillsong Young & Free · Alexander Pappas - When the Fight Calls (Live)","","","Worship","Playlist",""
"for KING & COUNTRY - From the Inside Out","","","Worship","Playlist",""
"Bethel Music · Jenn Johnson - God I Look to You","","","Worship","Playlist",""
"SisterBrother - We Are Redeemed","","","Worship","Playlist",""
"Anthony Skinner - Forever and A Day","","","Worship","Playlist",""
"Anthony Skinner - Beauty for Ashes","","","Worship","Playlist",""
"Citipointe Worship · Aaron Lucas - Once And For All (Live)","","","Worship","Playlist",""
"Jesus Culture · Melissa How - Holding Nothing Back (Live)","","","Worship","Playlist",""
"Hillsong Worship - Beneath The Waters (I Will Rise)","","","Worship","Playlist",""
"Phil Wickham · Travis Ryan - My All in All","","","Worship","Playlist",""
"Aaron Gillespie - Came To My Rescue (Live)","","","Worship","Playlist",""
"Kings Kaleidoscope · Chadwick William Gardner - Fix My Eyes","","","Worship","Playlist",""
"Chris Renzema & Moriah Hazeltine - You're the Only One","","","Worship","Playlist",""
"Daniel Bashta - I Will Sing","","","Worship","Playlist",""
"Red Rocks Worship - All I Want","","","Worship","Playlist",""
"Travis Ryan - You Hold It All (Live)","","","Worship","Playlist",""
"Travis Ryan - Until My Voice Is Gone (Live)","","","Worship","Playlist",""
"Kristene DiMarco - I Will Follow You (Live)","","","Worship","Playlist",""
"Brett Younker - King Forever (Acoustic)","","","Worship","Playlist",""
"Bellarive - Heartbeat","","","Worship","Playlist",""
"Brett Younker - Yes to You (Acoustic)","","","Worship","Playlist",""
"Leeland - All-Consuming Fire (Live)","","","Worship","Playlist",""
"Elevation Worship - Fortress","","","Worship","Playlist",""
"Nick Thurmond - An Honest Prayer","","","Worship","Playlist",""
"Casey Darnell - Our Great God","","","Worship","Playlist",""
"Cindy Cruse Ratcliff - Something Greater","","","Worship","Playlist",""
"Covenant Worship - Can't Stop Singing (Live)","","","Worship","Playlist",""
"Corey Voss - How Great","","","Worship","Playlist",""
"Passion · Chris Tomlin - Even So Come (Live)","","","Worship","Playlist",""
"Chris McClarney - Thirsty (Live)","","","Worship","Playlist",""
"Bethel Music · Kalley Heiligenthal - Spirit Move","","","Worship","Playlist",""
"Bethel Music · William Matthews - Glory to Glory","","","Worship","Playlist",""
"Justin Rizzo - Tree","","","Worship","Playlist",""
"Sean Feucht - Make Me a Lover (Norway)","","","Worship","Playlist",""
"Rita Springer - O God Of Mine","","","Worship","Playlist",""
"Shane Everett - Undying Love","","","Worship","Playlist",""
"Will Reagan & United Pursuit - We Have Come (Live)","","","Worship","Playlist",""
"Christ For The Nations Worship · Lauren Farmer · Benson Eapen - With All My Heart (Live)","","","Worship","Playlist",""
"Rick Pino - Gorgeous Face","","","Worship","Playlist",""
"Desperation Band · Jon Egan - Make a Way (Live)","","","Worship","Playlist",""
"Audrey Assad - I Shall Not Want","","","Worship","Playlist",""
"Bethel Music & Kim Walker Smith - I Need You More","","","Worship","Playlist",""
"Vertical Worship - Call on the Name","","","Worship","Playlist",""
"Jake Hamilton - The Anthem","","","Worship","Playlist",""
"Jesus Culture Band/Kim Walker-Smith - Holy Spirit","","","Worship","Playlist",""
"Kim Walker-Smith - Still Believe","","","Worship","Playlist",""
"Kim Walker-Smith - I Asked You For Life","","","Worship","Playlist",""
"Freedom Church - Love Like This","","","Worship","Playlist",""
"Jesus Culture · Chris Quilala - Miracles (Studio Version)","","","Worship","Playlist",""
"Vertical Worship - Let Everything (Live)","","","Worship","Playlist",""
"Chris Tomlin - Jesus","","","Worship","Playlist",""
"Jesus Culture · Chris Quilala - Miracles (Live)","","","Worship","Playlist",""
"Crowder - My Victory","","","Worship","Playlist",""
"Frontline Music - High + Humble King (feat. Hilary Burkhart)","","","Worship","Playlist",""
"Gateway Youth - You See Me","","","Worship","Playlist",""
"Gateway Youth - Only One","","","Worship","Playlist",""
"Elevation Worship - Look How He Lifted Me","","","Worship","Playlist",""
"Celebration Worship - We Will Seek You","","","Worship","Playlist",""
"Jesus Culture Band/Chris Quilala - I Was Made To Worship You","","","Worship","Playlist",""
"Elevation Worship - The Church","","","Worship","Playlist",""
"Forerunner Music · Jaye Thomas · Cory Asbury - Shekinah (Live)","","","Worship","Playlist",""
"Hillsong Worship · David Ware - Love Knows No End (Live)","","","Worship","Playlist",""
"Bethel Music & Brian Johnson - For The Sake Of The World","","","Worship","Playlist",""
"The Royal Royal - Praise Him","","","Worship","Playlist",""
"Passion · Chris Tomlin - All My Fountains (Live)","","","Worship","Playlist",""
"Bethel Music · Amanda Lindsey Cook - I Will Exalt","","","Worship","Playlist",""
"Leeland - Where You Are (Live)","","","Worship","Playlist",""
"Rich Dicas & KXC - Kingdom Come (Lift Up Your Heads)","","","Worship","Playlist",""
"The Worship Initiative and Shane & Shane - Good Good Father","","","Worship","Playlist",""
"The Worship Initiative and Shane & Shane - Holy Spirit","","","Worship","Playlist",""
"Jordan & Kristin Rippy - Come Like the Wind","","","Worship","Playlist",""
"Rend Collective - Every Giant Will Fall","","","Worship","Playlist",""
"Elevation Worship - O Come to the Altar (Live)","","","Worship","Playlist",""
"Elevation Worship - Here as in Heaven","","","Worship","Playlist",""
"The Outsiders - You Are Here (Studio Version)","","","Worship","Playlist",""
"The Outsiders - The Highest","","","Worship","Playlist",""
"The Outsiders - In Awe","","","Worship","Playlist",""
"The Outsiders - I Belong to You","","","Worship","Playlist",""
"Anthem Lights - Good Good Father","","","Worship","Playlist",""
"River Valley Worship · Ryan Williams · KK Strasburg - I Am Healed","","","Worship","Playlist",""
"United Pursuit - Since Your Love (Live) (feat. Brandon Hampton)","","","Worship","Playlist",""
"Red Rocks Worship - Fill This Place","","","Worship","Playlist",""
"NewSpring Worship - Our Great God","","","Worship","Playlist",""
"Mosaic MSC - May God Be Everywhere I Go (Live)","","","Worship","Playlist",""
"Jon Neufeld - Great Are You Lord","","","Worship","Playlist",""
"LIFE Worship - Closer (Live)","","","Worship","Playlist",""
"LIFE Worship - Nothing Here Is Broken (Live)","","","Worship","Playlist",""
"LIFE Worship - Holy (Live)","","","Worship","Playlist",""
"Justin Jarvis - Here We Are (Live)","","","Worship","Playlist",""
"Chris McClarney - Your Love is Everything","","","Worship","Playlist",""
"HTC Music - Always (Your Love)","","","Worship","Playlist",""
"Jake Hamilton - New Song (Worshipping Warriors)","","","Worship","Playlist",""
"NewSpring Worship - My God, My Father","","","Worship","Playlist",""
"Equippers Church - Always","","","Worship","Playlist",""
"North Point Worship · Seth Condrey - Death Was Arrested","","","Worship","Playlist",""
"Bryan & Katie Torwalt - Mountain","","","Worship","Playlist",""
"Chris Quilala - Because Of Your Love","","","Worship","Playlist",""
"Lawson Bates · Emily Ann Roberts - I Have Decided","","","Worship","Playlist",""
"Foursquare Worship - Seek You","","","Worship","Playlist",""
"Amanda Cook - Mercy","","","Worship","Playlist",""
"Elevation Worship - Resurrecting (Live)","","","Worship","Playlist",""
"Phil Wickham · Chris Quilala - Your Love Awakens Me","","","Worship","Playlist",""
"Elevation Worship - Grace Like a Wave","","","Worship","Playlist",""
"Israel & New Breed - Risen","","","Worship","Playlist",""
"Elevation Worship - Do It Again","","","Worship","Playlist",""
"NCU Worship Live · Brianna Buttrey - Love of God","","","Worship","Playlist",""
"The Summit Church · Kat Robertson - God, Forevermore (feat. Kat Robertson)","","","Worship","Playlist",""
"!Audacious Band - Alive","","","Worship","Playlist",""
"Jordan Howerton Band - You're Good","","","Worship","Playlist",""
"Passion · Kristian Stanfill - Simple Pursuit (Radio Edit)","","","Worship","Playlist",""
"Harvest Worship - King of My Heart (Live)","","","Worship","Playlist",""
"Steffany Gretzinger - Out of Hiding","","","Worship","Playlist",""
"The Worship Initiative and Shane & Shane - O Come to the Altar","","","Worship","Playlist",""
"Tim Timmons - All I Really Want","","","Worship","Playlist",""
"Nate Hale - Psalm 13","","","Worship","Playlist",""
"CHURCHOUSE - Praise the King (Live)","","","Worship","Playlist",""
"The Anchor Fellowship - I Breathe You in, God","","","Worship","Playlist",""
"Matt Gilman - As the Deer","","","Worship","Playlist",""
"LIFE Worship - Wide Open Space (Live)","","","Worship","Playlist",""
"SEU Worship - Grace Unfolds","","","Worship","Playlist",""
"New Hope Oahu · Jana Anguay Alcain - Future + Hope","","","Worship","Playlist",""
"Anthony Evans - Back to Life","","","Worship","Playlist",""
"Kutless · John Mark McMillian · Sarah Kathryn McMillian - King of My Heart","","","Worship","Playlist",""
"Jason Upton - Whisper","","","Worship","Playlist",""
"We Turn Our Eyes - Tommee Profitt Band feat. Brooke Griffith","","","Worship","Playlist",""
"Kees Kraayenoord · Reyer - Slave to Sovereign (Live)","","","Worship","Playlist",""
"Bethel Worship Arts - High Above It All (feat. Cidney Dobrodt)","","","Worship","Playlist",""
"Rising Worship · Wes Compton · Jake Ledwell - Though You Slay Me (Acoustic)","","","Worship","Playlist",""
"Worship Central Australia - First Place","","","Worship","Playlist",""
"Jimi Cravity - Hallelujah","","","Worship","Playlist",""
"ONE A Worship Collective · Ryan Williams - Like Never Before (Live)","","","Worship","Playlist",""
"Aaron Keyes - Sovereign Over Us (Live)","","","Worship","Playlist",""
"Elevation Youth & Southland - Who You Are (Live at Encounter Camp)","","","Worship","Playlist",""
"Zach Neese - We Trust in Jesus","","","Worship","Playlist",""
"Zach Neese - That's My God","","","Worship","Playlist",""
"Citipointe Worship · Chardon Lewis - Presence Power Glory (Acoustic)","","","Worship","Playlist",""
"Harbourside Worship - Spirit Break In Me","","","Worship","Playlist",""
"Bryan & Katie Torwalt - Champion","","","Worship","Playlist",""
"one sonic society - Just To Be With You","","","Worship","Playlist",""
"one sonic society - Great Are You Lord","","","Worship","Playlist",""
"10,000 Fathers - Captivating (feat. Micah Massey & David Walker)","","","Worship","Playlist",""
"10,000 Fathers - Refuge (feat. Brett Stanfill)","","","Worship","Playlist",""
"Zealand Worship - Lead Us to Your Heart","","","Worship","Playlist",""
"Jimmy McNeal - Jesus Is Better","","","Worship","Playlist",""
"Dan Bremnes - At Your Feet (Surrender)","","","Worship","Playlist",""
"Gateway Devotions · Cody Carnes - Living Water","","","Worship","Playlist",""
"Ryan Axtell - Reign in Me","","","Worship","Playlist",""
"Saddleback Worship - Above","","","Worship","Playlist",""
"C3 SYD - Psalm 84 (Acoustic)","","","Worship","Playlist",""
"Laura Story - Death Was Arrested","","","Worship","Playlist",""
"Corey Voss - Praise the King","","","Worship","Playlist",""
"Watermark Worship - Place of Freedom","","","Worship","Playlist",""
"The New Collective · Chelsea Phillips - He Is Yahweh (feat. Chelsea Phillips)","","","Worship","Playlist",""
"Adam Bitter - Rest in God Alone","","","Worship","Playlist",""
"Housefires - On and On","","","Worship","Playlist",""
"Brett Younker - All Things New (Acoustic)","","","Worship","Playlist",""
"Covenant Worship - Take Heart (Live)","","","Worship","Playlist",""
"Freedom Church - Here Now","","","Worship","Playlist",""
"River Valley Worship · Ryan Williams - No Wonder (Roar of the Rugged Cross)","","","Worship","Playlist",""
"Chris & Bethany Solyntjes - Refuge","","","Worship","Playlist",""
"Meredith Andrews - I Look to the King","","","Worship","Playlist",""
"Jesus Culture · Kim Walker-Smith - Alive In You (Live)","","","Worship","Playlist",""
"Skyhook - With Everything","","","Worship","Playlist",""
"Sarah McMillan - King Of My Heart (Live)","","","Worship","Playlist",""
"Aaron Shust - Ever Be","","","Worship","Playlist",""
"Citipointe Worship · Chardon Lewis - Presence Power Glory (Acoustic)","","","Worship","Playlist",""
"The Rock Music · Steele Croswhite - Your Beauty","","","Worship","Playlist",""
"Chapel Band - One & Only (Live)","","","Worship","Playlist",""
"Bread & Wine & Ben Smith - Never Met a Father (Live)","","","Worship","Playlist",""
"Freedom Church - Awake","","","Worship","Playlist",""
"Anchor Worship - Heart Cry Out","","","Worship","Playlist",""
"Curate Music - Shine","","","Worship","Playlist",""
"Antioch Music - Resurrection","","","Worship","Playlist",""
"Hillsong Young & Free · Aodhán King - Only Wanna Sing (Acoustic)","","","Worship","Playlist",""
"Hillsong Young & Free · Aodhán King - In Your Eyes (Acoustic Version)","","","Worship","Playlist",""
"Hillsong Young & Free · Alexander Pappas - Real Love (Acoustic Version)","","","Worship","Playlist",""
"Hillsong Young & Free - Where You Are (Acoustic)","","","Worship","Playlist",""
"Liberty Worship Collective - Run","","","Worship","Playlist",""
"Kerrie Roberts - Boundless","","","Worship","Playlist",""
"FOCUS · Shaun Garrison · Sarah Kroger - God Alone (feat. Shaun Garrison & Sarah Kroger)","","","Worship","Playlist",""
"Newport - Chasing Your Heart","","","Worship","Playlist",""
"Stars Go Dim - Doxology","","","Worship","Playlist",""
"Essential Worship - He Shall Reign Forevermore","","","Worship","Playlist",""
"I AM FUTURE - You Reign","","","Worship","Playlist",""
"Gateway Worship · Anna Byrd - Love Has Found Us (Live)","","","Worship","Playlist",""
"Ramp Worship - Joy (feat. Catherine Mullins)","","","Worship","Playlist",""
"Dustin Smith - Coming Alive (Live)","","","Worship","Playlist",""
"Jake Hamilton - The Anthem","","","Worship","Playlist",""
"Kingdom - Victorious (Acoustic)","","","Worship","Playlist",""
"Matt Redman - Mercy (Radio Version)","","","Worship","Playlist",""
"Awaken Worship - Christ Has Won","","","Worship","Playlist",""
"Charles Billingsley - Victory (The Blood of Jesus)","","","Worship","Playlist",""
"Boyce Vocal Band - He Will Hold Me Fast","","","Worship","Playlist",""
"Lakewood Music - Live in the Wonderful","","","Worship","Playlist",""
"Hillsong Young & Free - Gracious Tempest (Live)","","","Worship","Playlist",""
"Hillsong UNITED · TAYA - Shadow Step","","","Worship","Playlist",""
"Warr Acres - Pulse","","","Worship","Playlist",""
"NewSpring Worship - Able","","","Worship","Playlist",""
"Brenton Dowdy - Enthroned on Our Praises (Live)","","","Worship","Playlist",""
"Healing Is Right · Corey Voss - God Who Moves the Mountains","","","Worship","Playlist",""
"Voices of Lee - No Longer Slaves","","","Worship","Playlist",""
"Feast Worship - You Are God","","","Worship","Playlist",""
"Lead - God Of Miracles","","","Worship","Playlist",""
"Central Bible College Worship Project - Love Came Down","","","Worship","Playlist",""
"Hillsong UNITED · Benjamin William Hastings - So Will I (100 Billion X)","","","Worship","Playlist",""
"Ricardo Sanchez - I Call Your Name","","","Worship","Playlist",""
"Harvest Worship · Joshua Seller - Your Kingdom Come","","","Worship","Playlist",""
"Meredith Andrews - Open Up the Heavens","","","Worship","Playlist",""
"Worship Central · Ben Cantelon - He Lives","","","Worship","Playlist",""
"Fellowship Creative - No One Like","","","Worship","Playlist",""
"Fellowship Creative - Grace On Top of Grace","","","Worship","Playlist",""
"Sagebrush Music - Never Change","","","Worship","Playlist",""
"Covenant Worship - The Battle Is Yours (Live)","","","Worship","Playlist",""
"River Valley Worship · Clinton Allen · Wesley Schrock - Do It Again","","","Worship","Playlist",""
"Pearl City Worship - Hold My Forever","","","Worship","Playlist",""
"The Fifth Service - You Just Don't Stop","","","Worship","Playlist",""
"Justin Kintzel - We Are Yours","","","Worship","Playlist",""
"All About Worship · Michael Farren - God Most High","","","Worship","Playlist",""
"All About Worship · Rhyan Shirley - Great Is the Lord","","","Worship","Playlist",""
"Travis Ryan - Holy Spirit Come (Live)","","","Worship","Playlist",""
"Curt Vernon · Julie Futch - Three Best Days / Set a Fire (Live)","","","Worship","Playlist",""
"Will Morrison - Lord Let Your Glory Fall (Acoustic Version)","","","Worship","Playlist",""
"ICF Worship · Luca Aprile - The Journey (Live)","","","Worship","Playlist",""
"ICF Worship · Debora Sita - Lighthouse (Holding On) (Live)","","","Worship","Playlist",""
"ICF Worship - Eyes On You (Live)","","","Worship","Playlist",""
"The Potter's House · Planetshakers - We Are One (The Live Experience)","","","Worship","Playlist",""
"Planetshakers - River [Live]","","","Worship","Playlist",""
"The Neverclaim - Our God Wins (Live)","","","Worship","Playlist",""
"The Neverclaim - Breathe (Live)","","","Worship","Playlist",""
"Rend Collective - Simplicity","","","Worship","Playlist",""
"Chapel Band - Break Through (Live)","","","Worship","Playlist",""
"Allan Scott - Grace on Top of Grace","","","Worship","Playlist",""
"Housefires - Great Is the Lord","","","Worship","Playlist",""
"Housefires - Mountain to Valley","","","Worship","Playlist",""
"BJ Putnam - Love Like Fire","","","Worship","Playlist",""
"Run51 - No Other Name","","","Worship","Playlist",""
"NLC Worship - Our God & Our King","","","Worship","Playlist",""
"Brady Toops - Glorious Name","","","Worship","Playlist",""
"Ultimate Call · Michelle Danae · Eddie James - Abba (feat. Michelle Danae)","","","Worship","Playlist",""
"Elevation Worship - Yours (Glory and Praise)","","","Worship","Playlist",""
"Worship Central · Nick Herbert - Pray","","","Worship","Playlist",""
"Highlands Worship - Here I Surrender","","","Worship","Playlist",""
"Housefires - Yes and Amen","","","Worship","Playlist",""
"The Rock Music · Steele Croswhite - Running After Your Heart","","","Worship","Playlist",""
"The Rock Music · Steele Croswhite - Sing Your Praise","","","Worship","Playlist",""
"The Rock Music · Steele Croswhite - Rescue Me","","","Worship","Playlist",""
"Urban Rescue - Kingdom","","","Worship","Playlist",""
"7eventh Time Down · Chris Brown · Mack Brock · Steven Furtick · Wade Joye - Only King Forever (Radio Edit)","","","Worship","Playlist",""
"Emily Irene Fertig - Whole","","","Worship","Playlist",""
"We the Union - The Most Beautiful Place on Earth","","","Worship","Playlist",""
"Fellowship Creative - You","","","Worship","Playlist",""
"AntiochLIVE - To You Be the Glory","","","Worship","Playlist",""
"Awakening Worship - Awaken Me (Live)","","","Worship","Playlist",""
"Jaye Thomas - Beautiful Mystery","","","Worship","Playlist",""
"Aaron Gillespie · Philip Matthew Crocker · Michael Nathanael Finochio - Praise Him","","","Worship","Playlist",""
"Saddleback Worship - Matchless","","","Worship","Playlist",""
"Matt Redman · Tasha Cobbs Leonard - Gracefully Broken","","","Worship","Playlist",""
"Jarod Espy - Kingdom's Cause","","","Worship","Playlist",""
"Forerunner Music & Brandon Oaks - Even When (Live)","","","Worship","Playlist",""
"Vertical Worship · Jon Guerra - Not for a Moment (After All) (Live)","","","Worship","Playlist",""
"Jordan Howerton Band - Made New","","","Worship","Playlist",""
"Life Church Music - The Anchor (Live)","","","Worship","Playlist",""
"Michael W. Smith · Kari Jobe - The One That Really Matters","","","Worship","Playlist",""
"I AM THEY - Here's My Heart","","","Worship","Playlist",""
"Lindy Conant · The Circuit Riders - Take Courage","","","Worship","Playlist",""
"Hillsong Worship - Grace To Grace","","","Worship","Playlist",""
"Austin & Lindsey Adamec - Lost in You","","","Worship","Playlist",""
"UPPERROOM - You Satisfy (Live) (feat. Elyssa Smith)","","","Worship","Playlist",""
"Free Worship - Forever You Are Good","","","Worship","Playlist",""
"Destination Worship - Take Over","","","Worship","Playlist",""
"Rachael Skrobot - Worthy of It All (Live)","","","Worship","Playlist",""
"Citipointe Worship · Beau Lamshed - Lion (Live)","","","Worship","Playlist",""
"10,000 Fathers - Heaven and Earth (feat. Micah Massey)","","","Worship","Playlist",""
"one sonic society - A Billion Stars","","","Worship","Playlist",""
"Rick Cua - Halls Of Heaven","","","Worship","Playlist",""
"Lifepoint Worship - Closer","","","Worship","Playlist",""
"Young Oceans - Come Holy One","","","Worship","Playlist",""
"Vineyard Worship · Dana Masters - No Longer Strangers (Live from St. Albans)","","","Worship","Playlist",""
"Nichole Nordeman · Plumb - Not To Us","","","Worship","Playlist",""
"SEU Worship · Ryan Len Johnson - Love Wins (Live)","","","Worship","Playlist",""
"SEU Worship · Ryan Len Johnson - The Fullness (Live)","","","Worship","Playlist",""
"SEU Worship · David Ryan Cook · Ryan Len Johnson - Sanctuary (Live)","","","Worship","Playlist",""
"Iron Bell Music - God That Saves","","","Worship","Playlist",""
"Iron Bell Music - Your Love Is A Fortress","","","Worship","Playlist",""
"For All Seasons - Salvation's Melody (Live)","","","Worship","Playlist",""
"Amanda Cook - Heroes","","","Worship","Playlist",""
"Iron Bell Music - Fall Away","","","Worship","Playlist",""
"Lifepoint Worship - Holy Spirit Come","","","Worship","Playlist",""
"Derek Johnson - Our Salvation","","","Worship","Playlist",""
"Hope Chapel - Let Your Praise Begin","","","Worship","Playlist",""
"Hope Chapel - Hear My Cry","","","Worship","Playlist",""
"Hope Chapel - I Know You Are With Me","","","Worship","Playlist",""
"Hope Chapel - I Found A Savior","","","Worship","Playlist",""
"Hope Chapel - Overcome","","","Worship","Playlist",""
"Gateway Devotions · Zachary Cheatham - Won My Heart","","","Worship","Playlist",""
"Jesus Culture · Kim Walker-Smith - In The River (Live)","","","Worship","Playlist",""
"Iron Bell Music - Sons And Daughters","","","Worship","Playlist",""
"ACC Worship - Constant","","","Worship","Playlist",""
"Open Heaven - Heaven On Earth (Live)","","","Worship","Playlist",""
"!Audacious Band - Dry Bones","","","Worship","Playlist",""
"Covenant Worship - Gate of Heaven (Live)","","","Worship","Playlist",""
"Northwest Collective · The Modern Post · Dustin Kensrue - Grace Alone (Live)","","","Worship","Playlist",""
"Of the Land · Joel S. Ramirez - Why Should I Fear?","","","Worship","Playlist",""
"Jeremy Lowe - Jeremiah 29:11 (Live)","","","Worship","Playlist",""
"The Evidence - Lost and Found","","","Worship","Playlist",""
"Pursue Worship - Still the King (Live)","","","Worship","Playlist",""
"12Stone Worship - Awakening (Let Your Glory Fall)","","","Worship","Playlist",""
"LeeU Worship - Overcome","","","Worship","Playlist",""
"Tom Eccleshall & KXC - Sing It Out (He's Alive)","","","Worship","Playlist",""
"Andy & Rachel Graham - Covenant","","","Worship","Playlist",""
"Selah - Unfailing Father","","","Worship","Playlist",""
"Daniel Bashta - Praise the Lord / Rejoice (Live) (feat. Eb Cole)","","","Worship","Playlist",""
"Matt Littlejohn Band - Rivers","","","Worship","Playlist",""
"Thine Worship - All Glory Is Yours","","","Worship","Playlist",""
"Informants - Complete","","","Worship","Playlist",""
"Freedom Worship - Dance on the Grave","","","Worship","Playlist",""
"Kim Walker-Smith - Brave Surrender","","","Worship","Playlist",""
"Kim Walker-Smith - You Define Me","","","Worship","Playlist",""
"Christ For The Nations Worship · Amber Trent - At the Name of Jesus (Live)","","","Worship","Playlist",""
"Christ For The Nations Worship · Faith Schneider - Come Have Your Way (Live)","","","Worship","Playlist",""
"Kristene DiMarco - Hope Is Alive","","","Worship","Playlist",""
"Evergreen Music · Cole Bayer - Waiting (feat. Cole Bayer)","","","Worship","Playlist",""
"North Point Worship · Clay Finnesand - Giants (Nothing's Impossible) (feat. Clay Finnesand) (Live)","","","Worship","Playlist",""
"North Point Worship · Seth Condrey - I Fall (feat. Seth Condrey) (Live)","","","Worship","Playlist",""
"Bright City - Your Love","","","Worship","Playlist",""
"Mid-Cities Worship - Closer","","","Worship","Playlist",""
"Fee · Casey Parnell · Corey Parnell - The Beauty of the Cross","","","Worship","Playlist",""
"Cory Asbury - Reckless Love","","","Worship","Playlist",""
"Paul Baloche - Psalm 92 (It Is Good)","","","Worship","Playlist",""
"YouthQuake Worship - Something New (Stripped)","","","Worship","Playlist",""
"Anabeth Morgan - Fix Our Eyes","","","Worship","Playlist",""
"Rob Eisner - Arms","","","Worship","Playlist",""
"River Valley Worship · Wesley Schrock · Evan John · Aaron Johnson · Ryan Williams - World Needs Jesus","","","Worship","Playlist",""
"Anabeth Morgan - We Press In","","","Worship","Playlist",""
"For All Seasons - Bigger Than (Live)","","","Worship","Playlist",""
"C3 SYD - Your Name","","","Worship","Playlist",""
"Riley Erin - Overwhelm Me (Lost in You) (Live)","","","Worship","Playlist",""
"Antioch Norman · Jonny Hupp - After All (feat. Jonny Hupp)","","","Worship","Playlist",""
"10,000 Fathers - Peace on Earth (feat. Micah Massey)","","","Worship","Playlist",""
"Charity Gayle - Divine Exchange (feat. Corey Voss)","","","Worship","Playlist",""
"Laity - A Call for the Called","","","Worship","Playlist",""
"Citipointe Worship · Chardon Lewis - Into The Deep (Live)","","","Worship","Playlist",""
"First Free Music · Aaron Luttenegger - Awake / / Alive (feat. Aaron Luttenegger)","","","Worship","Playlist",""
"Celebration Worship · Lindsey Brenner - Victory (feat. Lindsey Brenner)","","","Worship","Playlist",""
"Hillsong Worship · Brooke Ligertwood · Reuben Morgan - Who You Say I Am (Live)","","","Worship","Playlist",""
"Bright City - Rock of Our Salvation","","","Worship","Playlist",""
"Mack Brock - Greater Things","","","Worship","Playlist",""
"Harvest - Nothing I Hold Onto","","","Worship","Playlist",""
"Lifepoint Worship - Closer","","","Worship","Playlist",""
"Ryan Ellis - Oh Lord You're Good (Live)","","","Worship","Playlist",""
"C3 Toronto Worship - Refuge","","","Worship","Playlist",""
"Mark & Sarah Tillman - Love Unshakable","","","Worship","Playlist",""
"Open Heaven - Lion Of Judah","","","Worship","Playlist",""
"InSalvation - Fix MY Eyes On You","","","Worship","Playlist",""
"Bethany Music - Loud (Live)","","","Worship","Playlist",""
"G12 Worship - Blood of Jesus","","","Worship","Playlist",""
"TFH Worship - Awe & Wonder (Live)","","","Worship","Playlist",""
"Elevate Live · Tiffany Adams · Alyssa Sohn - Captivated (feat. Tiffany Adams & Alyssa Sohn)","","","Worship","Playlist",""
"The Voyage - I'll Wait for You","","","Worship","Playlist",""
"Wave Church Worship - On & On (Live)","","","Worship","Playlist",""
"Rootsdeepdown · Ethan & Chelsea Fenton - Creation Cries Out (Live)","","","Worship","Playlist",""
"Passion · Kristian Stanfill - More Like Jesus (Live)","","","Worship","Playlist",""
"New Hope New York - Living Word (Live)","","","Worship","Playlist",""
"Meredith Hobbs - Living Hope","","","Worship","Playlist",""
"Southside Worship - Faithful to the End","","","Worship","Playlist",""
"Fellowship Student Ministry Worship - Found in You","","","Worship","Playlist",""
"Hillsong Worship - Anchor (Live)","","","Worship","Playlist",""
"Vertical Worship - Yes I Will","","","Worship","Playlist",""
"Josh McCabe - More Of You","","","Worship","Playlist",""
"Andrew Peterson - His Heart Beats","","","Worship","Playlist",""
"Christian Cuevas - White Flag","","","Worship","Playlist",""
"Christ For The Nations Worship · Gabriel Allred - Melody of Love (Live)","","","Worship","Playlist",""
"Christ For The Nations Worship · Leeland Mooring - Melody of Love (Reprise) (Live)","","","Worship","Playlist",""
"Mass Anthem - Reckless Love / Even If","","","Worship","Playlist",""
"Daniel Bashta - Drenched in Love (Live)","","","Worship","Playlist",""
"For All Seasons · Seth Mosley · Mike ""X"" O'Conner - Bigger Than","","","Worship","Playlist",""
"Fearless BND - White Flag","","","Worship","Playlist",""
"Rachael Skrobot - There's Never Been a Time (Live)","","","Worship","Playlist",""
"Breakaway Ministries - Draw Near","","","Worship","Playlist",""
"VOUS Worship - Mystery (Hidden Things)","","","Worship","Playlist",""
"Vineyard Worship · Sarah Elmer - Wear the Crown","","","Worship","Playlist",""
"Central Live - Greater (Live)","","","Worship","Playlist",""
"Covenant Worship - Sand and Stars (Live)","","","Worship","Playlist",""
"Foursquare Worship - Have Me (Live)","","","Worship","Playlist",""
"Grace City - Word Alive (feat. Kenzie McGinnis)","","","Worship","Playlist",""
"EQ Worship - We Long for You [Live] (feat. Zach Lamberson)","","","Worship","Playlist",""
"Pat Barrett - God Is So Good (You Are Worthy)","","","Worship","Playlist",""
"Pat Barrett - The Way (New Horizon)","","","Worship","Playlist",""
"River Valley Worship · KK Brink · Ryan Williams · Evan John · Clinton Allen · Michael Fatkin - Wanna Be Like You","","","Worship","Playlist",""
"River Valley Worship · Ryan Williams · Evan John · Wesley Schrock · Aaron Johnson · Michael Fatkin - Million Lifetimes","","","Worship","Playlist",""
"The Belonging Co · Natalie Grant - Isn't He (This Jesus)","","","Worship","Playlist",""
"London Gatch · London Weidberg Gatch · Jesse Reeves · Aaron Matthew Robertson - Jesus Only You","","","Worship","Playlist",""
"UPPERROOM · Abbie Gamboa - Defender (Live)","","","Worship","Playlist",""
"Mosaic MSC - So I Sing","","","Worship","Playlist",""
"Mosaic MSC - New Heart","","","Worship","Playlist",""
"Ben Potter - Forevermore","","","Worship","Playlist",""
"Fresh Life Worship - Glory Roaring","","","Worship","Playlist",""
"Catch the Fire Toronto - The Simple Truth (feat. Ruth Preston)","","","Worship","Playlist",""
"ARISE Worship - This Is Love","","","Worship","Playlist",""
"Kingdom Culture Worship · Jessie-Rose Rayner · Bradley Riddle - Perfect Love (Live)","","","Worship","Playlist",""
"Pat Barrett - God Is So Good (You Are Worthy)","","","Worship","Playlist",""
"Pat Barrett - The Way (New Horizon)","","","Worship","Playlist",""
"Michael Farren - Fighting for Us (Acoustic)","","","Worship","Playlist",""
"Jesus Culture · Chris Quilala - Living With A Fire (Live)","","","Worship","Playlist",""
"UPPERROOM · Cody Lee - You And You Alone (Live)","","","Worship","Playlist",""
"LIFE Worship · Eby Corydon - Fearless Abandon (Live)","","","Worship","Playlist",""
"Worship Central - Majesty (O the Mystery) (Live)","","","Worship","Playlist",""
"Worship Central - Stir a Passion (Live)","","","Worship","Playlist",""
"Influence Music · Whitney Medina - Touching Heaven (Live)","","","Worship","Playlist",""
"Influence Music · Matt Gilman - Why Not Now? (Live)","","","Worship","Playlist",""
"Influence Music · Matt Gilman - Breathe (Live)","","","Worship","Playlist",""
"Influence Music · Melody Noel · William Matthews - I AM","","","Worship","Playlist",""
"Influence Music · Melody Noel - Proud","","","Worship","Playlist",""
"Influence Music · Michael Ketterer - Spirit Lead Me (Live)","","","Worship","Playlist",""
"Influence Music · Whitney Medina - Rejoice (Live)","","","Worship","Playlist",""
"Michael Shannon - Ready","","","Worship","Playlist",""
"Antioch Music - God of the Breakthrough","","","Worship","Playlist",""
"Freedom Church - Because Of The Cross (Live)","","","Worship","Playlist",""
"New Wine Worship - You Restore My Soul (Live)","","","Worship","Playlist",""
"Lovechurch Worship - I Am Yours","","","Worship","Playlist",""
"Vineyard Worship · Andy Hatherly - Coming Alive","","","Worship","Playlist",""
"SOUTHVILLE - All the Praise","","","Worship","Playlist",""
"William Matthews · Lisa Gungor - We'll All Be Free","","","Worship","Playlist",""
"Laity - Take Me Back","","","Worship","Playlist",""
"Mack Brock - Into Dust","","","Worship","Playlist",""
"FREE CHAPEL MUSIC - Here I Am","","","Worship","Playlist",""
"Stephen Witt - Endless Ages","","","Worship","Playlist",""
"David Ashley Trent - Living Water","","","Worship","Playlist",""
"The Eagle and Child - Heart Runs (Live)","","","Worship","Playlist",""
"Summit Collective - A Thousand Voices","","","Worship","Playlist",""
"Gateway Worship - Stand In Your Love (Live)","","","Worship","Playlist",""
"Shane & Shane - Life Defined","","","Worship","Playlist",""
"Ryan Ellis - You Saved Me (Live)","","","Worship","Playlist",""
"Emu Youth & Emu Music - Father","","","Worship","Playlist",""
"Asbury Worship Collective - Raised Up","","","Worship","Playlist",""
"7 Hills Worship - Forever My Father (Live)","","","Worship","Playlist",""
"Ben & Noelle Kilgore · David Leonard - Grace Grace","","","Worship","Playlist",""
"C3 SYD - What Other King","","","Worship","Playlist",""
"Nathan Taylor - Found My Hope","","","Worship","Playlist",""
"Homegrown Worship - Free Indeed","","","Worship","Playlist",""
"Passion · Travis Greene - God, You’re So Good (Live)","","","Worship","Playlist",""
"Lindy Conant · The Circuit Riders - Every Nation (Every Soul) (Live)","","","Worship","Playlist",""
"Jonny & the Jazzuits - No Longer Slaves","","","Worship","Playlist",""
"River Valley Worship · Wesley Schrock · Evan John · Michael Fatkin · Clinton Allen · Ryan Williams - All This Time","","","Worship","Playlist",""
"Lifepoint Worship - Mountain / Valley (Live)","","","Worship","Playlist",""
"Canyon Hills Worship - It Is Well (My Soul Sings)","","","Worship","Playlist",""
"TFH Worship - I Will Exalt You","","","Worship","Playlist",""
"Bethany Music - Speak","","","Worship","Playlist",""
"The Silver Pages · Latifah Alattas - What I Cannot See","","","Worship","Playlist",""
"Jacob Cantrell & Capital City Music - Joy in Your Waters (Live)","","","Worship","Playlist",""
"Awaken Generation - Servant King","","","Worship","Playlist",""
"Harborside Music - Won't Wait Till Heaven","","","Worship","Playlist",""
"Monterey Music - Surrounded (Fight My Battles) + I Am Free","","","Worship","Playlist",""
"My City Worship - Faithful to Come","","","Worship","Playlist",""
"G12 Worship - Abba Father Single","","","Worship","Playlist",""
"Luke + Anna Hellebronth - Revive Us (Heavy Rain)","","","Worship","Playlist",""
"The Church Will Sing - Even Louder (Spontaneous) (Live)","","","Worship","Playlist",""
"Brandon Lake · Brandon Lake · David Hislop · Matt Rash · Brendon McCoy · Lance Gatch · Cole Collins · Jordan Summers · London Gatch · Caroline Collins · Nate Davis · Destiny Zavala · David Hislop · Matthew Garber - For The Record Mastering · Luke Gaikwad - Pour Me Out (Live)","","","Worship","Playlist",""
"Mosaic MSC - Maker of the Heavens","","","Worship","Playlist",""
"The Belonging Co · Andrew Holt · Meredith Andrews - Fall (Live)","","","Worship","Playlist",""
"Hillsong UNITED - Not Today (Live)","","","Worship","Playlist",""
"Daniel Bashta - God Is So Good (You Are Worthy)","","","Worship","Playlist",""
"Lion's Den · Bobby Forrester · Blake Wiggins - Everything to Me (Live)","","","Worship","Playlist",""
"Bright City - Maker of the Moon","","","Worship","Playlist",""
"Rick Pino - Lift Up Your Hands (Live)","","","Worship","Playlist",""
"Friends Worship - Gravity","","","Worship","Playlist",""
"Elevation Worship · Tauren Wells - Echo","","","Worship","Playlist",""
"Eleven32 Music - Climb Higher","","","Worship","Playlist",""
"Stephen Miller - Awaken the Wonder","","","Worship","Playlist",""
"New Collective - Majestic","","","Worship","Playlist",""
"Justin Owens - The Cross Has the Final Word","","","Worship","Playlist",""
"BJ Putnam - Always Will Be (Live)","","","Worship","Playlist",""
"Copper Pointe Worship - Lift You Higher","","","Worship","Playlist",""
"Generation Unleashed - How We Need You Father (Live)","","","Worship","Playlist",""
"People & Songs - Give Us Your Heart (Live) (feat. Melanie Tierce & the Emerging Sound)","","","Worship","Playlist",""
"Meredith Andrews - A Million Saints (Live)","","","Worship","Playlist",""
"Loud Harp - [73] the Nearness of You","","","Worship","Playlist",""
"Nashville Life Music · Dwan Hill - Heaven on Earth (feat. Dwan Hill)","","","Worship","Playlist",""
"Jeremy Lowe - Holy Spirit You're Near","","","Worship","Playlist",""
"Rivers & Robots · David Brymer - Burn for You","","","Worship","Playlist",""
"Children Of Inheritance - Sit at Your Feet","","","Worship","Playlist",""
"Circuit Rider Music · Joshua Brennt · Eileen Walker - All for You","","","Worship","Playlist",""
"Curt Vernon · Julie Futch - Good Good Father (Live)","","","Worship","Playlist",""
"The Eagle and Child - Let's Run","","","Worship","Playlist",""
"Page CXVI - House Of God, Forever","","","Worship","Playlist",""
"SEU Worship - Secret Place","","","Worship","Playlist",""
"Justin Tweito - Lamb of God","","","Worship","Playlist",""
"Lindy & The Circuit Riders - Driven by Love","","","Worship","Playlist",""
"Vineyard Worship · Joshua Miller - You're Carrying Me","","","Worship","Playlist",""
"Hillsong UNITED · Joel Houston · Matt Crocker - Good Grace (Live)","","","Worship","Playlist",""
"Hillsong UNITED · TAYA · Aodhán King - Whole Heart (Hold Me Now) (Live)","","","Worship","Playlist",""
"Soul City Worship · Patrick Mayberry - Ready","","","Worship","Playlist",""
"Jesus Culture · Kim Walker-Smith - Freedom (Radio Version)","","","Worship","Playlist",""
"Stew Mcilrath - Boundless Love (Live)","","","Worship","Playlist",""
"Allan - Every Chain","","","Worship","Playlist",""
"Homegrown Worship - Pure","","","Worship","Playlist",""
"Hillsong UNITED · Chris Davenport · Joel Houston - Another In The Fire (Live)","","","Worship","Playlist",""
"Hillsong UNITED · Joel Houston · Matt Crocker - Good Grace (Live)","","","Worship","Playlist",""
"Mathis and Nicole Turley - All Things New","","","Worship","Playlist",""
"Canyon Hills Worship - Forever Sing Your Praise (Live)","","","Worship","Playlist",""
"Free Worship · Alexandria De Jesus · Anthony Gomez · Ethan Greeghory Hulse · Johan Sven Anders Asgarde · Matthew Ross Armstrong - Already Done","","","Worship","Playlist",""
"Elevation Worship · Steffany Gretzinger - Hallelujah Here Below (Paradoxology)","","","Worship","Playlist",""
"Calvary Creative - Breathe on Us","","","Worship","Playlist",""
"Summit Worship - Greater","","","Worship","Playlist",""
"Jonny & the Jazzuits - This Is Amazing Grace","","","Worship","Playlist",""
"Jonny & the Jazzuits - What a Friend We Have in Jesus","","","Worship","Playlist",""
"The Least of These · WangJin Yoon - Throne Room (feat. WangJin Yoon) (Original Recording)","","","Worship","Playlist",""
"Isla Vista Worship - I Don't Live for Myself","","","Worship","Playlist",""
"Mack Brock - I Am Loved","","","Worship","Playlist",""
"Vineyard Worship · Anabeth Morgan - You Meet Me Here","","","Worship","Playlist",""
"Kaylee + Erica - Heaven Is All Around (Live)","","","Worship","Playlist",""
"Upper Room Music - You Satisfy (feat. Elyssa Smith)","","","Worship","Playlist",""
"Maranatha Worship - Mercy Seat","","","Worship","Playlist",""
"Lauren Daigle - You Have My Surrender (Live)","","","Worship","Playlist",""
"Norton Hall Band - He Will Hold Me Fast","","","Worship","Playlist",""
"Canyon Hills Worship - Freedom (Live)","","","Worship","Playlist",""
"The Well MSC - Claim It","","","Worship","Playlist",""
"Jonathan McReynolds - Make Room","","","Worship","Playlist",""
"Lifepoint Worship - You Alone (Live)","","","Worship","Playlist",""
"Kingdom Culture Worship · Bradley Riddle · Abigail Heineback - Abide (Live)","","","Worship","Playlist",""
"Jeremy Riddle - All Hail King Jesus","","","Worship","Playlist",""
"Hillsong Worship · Joel Houston - Behold (Then Sings My Soul)","","","Worship","Playlist",""
"Housefires - Build My Life","","","Worship","Playlist",""
"Ascend The Hill - Come Like You Promised","","","Worship","Playlist",""
"Elevation Worship - Do It Again","","","Worship","Playlist",""
"Elevation Worship · Tauren Wells - Echo","","","Worship","Playlist",""
"Brian and Jenn Johnson - For The One","","","Worship","Playlist",""
"Goodness Of God (LIVE) - Jenn Johnson | VICTORY","","","Worship","Playlist",""
"Bethel Music · Jenn Johnson - Heaven Come","","","Worship","Playlist",""
"Bethel Music & Paul McClure - Jesus, We Love You","","","Worship","Playlist",""
"Bethel Music · Bethany Wohrle - Living Hope","","","Worship","Playlist",""
"Brian and Jenn Johnson - Mention Of Your Name","","","Worship","Playlist",""
"Passion · Kristian Stanfill - More Like Jesus (Live)","","","Worship","Playlist",""
"Cody Carnes - Nothing Else","","","Worship","Playlist",""
"Brian Johnson · Jenn Johnson - O Taste and See","","","Worship","Playlist",""
"Hillsong Young & Free · Aodhán King - Only Wanna Sing (Live)","","","Worship","Playlist",""
"Hillsong Worship · Hannah Hobbs · Matt Crocker - Open Heaven (River Wild)","","","Worship","Playlist",""
"Bethel Music & Jenn Johnson - Our Father","","","Worship","Playlist",""
"Elevation Worship - Overcome","","","Worship","Playlist",""
"Bethel Music & Brian Johnson - Praise Is the Highway","","","Worship","Playlist",""
"Hillsong Worship · Hillsong Young & Free - Pursue / All I Need Is You","","","Worship","Playlist",""
"Bethel Music I Steffany Gretzinger - Reckless Love (Spontaneous)","","","Worship","Playlist",""
"BridgeCity - Savior's Love (Live)","","","Worship","Playlist",""
"Bethel Music & Josh Baldwin - Stand in Your Love","","","Worship","Playlist",""
"Hillsong Worship · Aodhán King - Touch Of Heaven (Live)","","","Worship","Playlist",""
"Victory Is Yours (LIVE) - Bethel Music | VICTORY","","","Worship","Playlist",""
"Bethel Music I Leeland Mooring - Where You Are (Spontanoues)","","","Worship","Playlist",""
"Hillsong Worship · Brooke Ligertwood - Who You Say I Am","","","Worship","Playlist",""
"Elevation Worship - Won't Stop Now","","","Worship","Playlist",""
"Sean Feucht - Worthy of It All (Live)","","","Worship","Playlist",""
"Bethel Music · Brian Johnson - You Are Good","","","Worship","Playlist",""
"Hillsong Worship · Matt Crocker - You Are Life (Live)","","","Worship","Playlist",""
"The Belonging Co · Henry Seeley - Zeal (Live)","","","Worship","Playlist",""
"Josh Baldwin - Let the Redeemed","","","Worship","Playlist",""
"David Leonard - Know Your Heart","","","Worship","Playlist",""
"Canyon Hills Worship - Holy Trinity (Live)","","","Worship","Playlist",""
"Pat Barrett · Ben Smith - Canvas And Clay (Live)","","","Worship","Playlist",""
"Brandon Lake · Tasha Cobbs Leonard - THIS IS A MOVE (LIVE FROM GREENSBORO)","","","Worship","Playlist",""
"Elevation Worship - See A Victory","","","Worship","Playlist",""
"Highlands Worship - Jesus You Alone","","","Worship","Playlist",""
"One Hope Project - Better in His Presence","","","Worship","Playlist",""
"Rock City Worship - How Deep","","","Worship","Playlist",""
"Common Hymnal · Jenny Wahlström · Mark Alan Schoolmeesters - Come And Tear Down The Walls (Live)","","","Worship","Playlist",""
"Grace Life Worship - Purpose","","","Worship","Playlist",""
"Cross Worship · D'Marcus Howard · Darius Byers · Troy Culbreth - Victorious","","","Worship","Playlist",""
"Eleven32 Music - Enough","","","Worship","Playlist",""
"The Beloved Music - I'll Be Still (Live)","","","Worship","Playlist",""
"Leeland - First Love Fire (Live)","","","Worship","Playlist",""
"Rend Collective - DAY OF VICTORY","","","Worship","Playlist",""
"Vertical Worship - Faithful Now","","","Worship","Playlist",""
"Hillsong Worship · Tasha Cobbs Leonard · Brooke Ligertwood - Awake My Soul","","","Worship","Playlist",""
"The Worship Initiative · Shane & Shane · Bethany Barnard · Adam Westlake · Ross Fishburn - There's a River","","","Worship","Playlist",""
"Christ Community Church - Storm Strong","","","Worship","Playlist",""
"The Crossing Collective - See a Victory / Surrounded (Fight My Battles)","","","Worship","Playlist",""
"The Elm · Brittany Price Brooker · Tim Brummel - Your Promises","","","Worship","Playlist",""
"Wind & Embers - Made Me Glad","","","Worship","Playlist",""
"The Village Church · Grant McCurdy · Michael Bleecker · Jeff Capps - I Need Thee","","","Worship","Playlist",""
"CAIN · Essential Worship - Never Lost","","","Worship","Playlist",""
"Maverick City Music · UPPERROOM · Dante Bowe · Elyssa Smith · Oscar Gamboa · Joel Figeora - Move Your Heart (feat. Dante Bowe & Elyssa Smith)","","","Worship","Playlist",""
"UPPERROOM · Elyssa Figueroa - Rest On Us (Live)","","","Worship","Playlist",""
"Jon Webster - Heavenly Places","","","Worship","Playlist",""
"CAIN - Yes He Can","","","Worship","Playlist",""
"Hillsong Worship · Benjamin William Hastings - That's The Power (Live)","","","Worship","Playlist",""
"Elevation Worship · Chris Brown · Brandon Lake · Tiffany Hudson - Might Get Loud","","","Worship","Playlist",""
"Elevation Worship · Maverick City Music · Chandler Moore · Naomi Raine - Jireh","","","Worship","Playlist",""
"Maverick City Music · Katie Torwalt · Mav City Gospel Choir · Dante Bowe · Naomi Raine · Kalley Heligenthal - Joy of the Lord (feat. Dante Bowe, Naomi Raine. Katie Torwalt & Mav City Gospel Choir)","","","Worship","Playlist",""
"Maverick City Music · UPPERROOM · Housefires · Dante Bowe · Maryanne J. George · Aaron Moses · Jesse Cline · Maryanne J George · Chuck Butler · Enrique Holmes - I Thank God (feat. Dante Bowe, Maryanne Joshua George & Aaron Moses)","","","Worship","Playlist",""
"The Belonging Co · Cody Carnes - Christ Be Magnified (Live)","","","Worship","Playlist",""
"The Belonging Co · Daniella Mason - Heaven Invade (Live)","","","Worship","Playlist",""
"Chris Renzema - Springtime","","","Worship","Playlist",""
"Elle Limebear - What Love Looks Like","","","Worship","Playlist",""
"Here Be Lions - Let It Out (Live)","","","Worship","Playlist",""
"Antioch Music & Lindy Cofer - Jesus Is the Lord","","","Worship","Playlist",""
"Stockholm Worship - Radical Love (The Joy Song) (Live)","","","Worship","Playlist",""
"7 Hills Worship - Closing Distance (Acoustic)","","","Worship","Playlist",""
"Elevation Worship · Jonsal Barrientes - Easy","","","Worship","Playlist",""
"People & Songs · Melanie Tierce · Ryan Kennedy - Simple","","","Worship","Playlist",""
"ELEVATION RHYTHM - IYKYK","","","Worship","Playlist",""
"Seph Schlueter - Turn It To Praise","","","Worship","Playlist",""